{
  "ABIRoot": {
    "kind": "Root",
    "name": "PlatformInterop",
    "printedName": "PlatformInterop",
    "children": [
      {
        "kind": "Import",
        "name": "Foundation",
        "printedName": "Foundation",
        "declKind": "Import",
        "moduleName": "PlatformInterop"
      },
      {
        "kind": "Import",
        "name": "QuartzCore",
        "printedName": "QuartzCore",
        "declKind": "Import",
        "moduleName": "PlatformInterop"
      },
      {
        "kind": "TypeDecl",
        "name": "CALayerAutosizeToSuperLayerBehavior",
        "printedName": "CALayerAutosizeToSuperLayerBehavior",
        "children": [
          {
            "kind": "Function",
            "name": "attach",
            "printedName": "attach(layer:)",
            "children": [
              {
                "kind": "TypeNominal",
                "name": "Void",
                "printedName": "()"
              },
              {
                "kind": "TypeNominal",
                "name": "CALayer",
                "printedName": "QuartzCore.CALayer",
                "usr": "c:objc(cs)CALayer"
              }
            ],
            "declKind": "Func",
            "usr": "c:@M@PlatformInterop@objc(cs)CALayerAutosizeToSuperLayerBehavior(im)attachWithLayer:",
            "mangledName": "$s15PlatformInterop35CALayerAutosizeToSuperLayerBehaviorC6attach5layerySo0C0C_tF",
            "moduleName": "PlatformInterop",
            "objc_name": "attachWithLayer:",
            "declAttributes": [
              "AccessControl",
              "ObjC",
              "RawDocComment"
            ],
            "funcSelfKind": "NonMutating"
          },
          {
            "kind": "Function",
            "name": "detach",
            "printedName": "detach()",
            "children": [
              {
                "kind": "TypeNominal",
                "name": "Void",
                "printedName": "()"
              }
            ],
            "declKind": "Func",
            "usr": "c:@M@PlatformInterop@objc(cs)CALayerAutosizeToSuperLayerBehavior(im)detach",
            "mangledName": "$s15PlatformInterop35CALayerAutosizeToSuperLayerBehaviorC6detachyyF",
            "moduleName": "PlatformInterop",
            "declAttributes": [
              "AccessControl",
              "ObjC",
              "RawDocComment"
            ],
            "funcSelfKind": "NonMutating"
          },
          {
            "kind": "Constructor",
            "name": "init",
            "printedName": "init()",
            "children": [
              {
                "kind": "TypeNominal",
                "name": "CALayerAutosizeToSuperLayerBehavior",
                "printedName": "PlatformInterop.CALayerAutosizeToSuperLayerBehavior",
                "usr": "c:@M@PlatformInterop@objc(cs)CALayerAutosizeToSuperLayerBehavior"
              }
            ],
            "declKind": "Constructor",
            "usr": "c:@M@PlatformInterop@objc(cs)CALayerAutosizeToSuperLayerBehavior(im)init",
            "mangledName": "$s15PlatformInterop35CALayerAutosizeToSuperLayerBehaviorCACycfc",
            "moduleName": "PlatformInterop",
            "overriding": true,
            "implicit": true,
            "objc_name": "init",
            "declAttributes": [
              "Dynamic",
              "ObjC",
              "Override"
            ],
            "init_kind": "Designated"
          }
        ],
        "declKind": "Class",
        "usr": "c:@M@PlatformInterop@objc(cs)CALayerAutosizeToSuperLayerBehavior",
        "mangledName": "$s15PlatformInterop35CALayerAutosizeToSuperLayerBehaviorC",
        "moduleName": "PlatformInterop",
        "objc_name": "CALayerAutosizeToSuperLayerBehavior",
        "declAttributes": [
          "AccessControl",
          "ObjC",
          "RawDocComment"
        ],
        "superclassUsr": "c:objc(cs)NSObject",
        "inheritsConvenienceInitializers": true,
        "superclassNames": [
          "ObjectiveC.NSObject"
        ],
        "conformances": [
          {
            "kind": "Conformance",
            "name": "Copyable",
            "printedName": "Copyable",
            "usr": "s:s8CopyableP",
            "mangledName": "$ss8CopyableP"
          },
          {
            "kind": "Conformance",
            "name": "Escapable",
            "printedName": "Escapable",
            "usr": "s:s9EscapableP",
            "mangledName": "$ss9EscapableP"
          },
          {
            "kind": "Conformance",
            "name": "Equatable",
            "printedName": "Equatable",
            "usr": "s:SQ",
            "mangledName": "$sSQ"
          },
          {
            "kind": "Conformance",
            "name": "Hashable",
            "printedName": "Hashable",
            "usr": "s:SH",
            "mangledName": "$sSH"
          },
          {
            "kind": "Conformance",
            "name": "CVarArg",
            "printedName": "CVarArg",
            "usr": "s:s7CVarArgP",
            "mangledName": "$ss7CVarArgP"
          },
          {
            "kind": "Conformance",
            "name": "_KeyValueCodingAndObservingPublishing",
            "printedName": "_KeyValueCodingAndObservingPublishing",
            "usr": "s:10Foundation37_KeyValueCodingAndObservingPublishingP",
            "mangledName": "$s10Foundation37_KeyValueCodingAndObservingPublishingP"
          },
          {
            "kind": "Conformance",
            "name": "_KeyValueCodingAndObserving",
            "printedName": "_KeyValueCodingAndObserving",
            "usr": "s:10Foundation27_KeyValueCodingAndObservingP",
            "mangledName": "$s10Foundation27_KeyValueCodingAndObservingP"
          },
          {
            "kind": "Conformance",
            "name": "CustomStringConvertible",
            "printedName": "CustomStringConvertible",
            "usr": "s:s23CustomStringConvertibleP",
            "mangledName": "$ss23CustomStringConvertibleP"
          },
          {
            "kind": "Conformance",
            "name": "CustomDebugStringConvertible",
            "printedName": "CustomDebugStringConvertible",
            "usr": "s:s28CustomDebugStringConvertibleP",
            "mangledName": "$ss28CustomDebugStringConvertibleP"
          }
        ]
      }
    ],
    "json_format_version": 8
  },
  "ConstValues": []
}